{"stats":{"minecraft:killed_by":{"minecraft:skeleton":2},"minecraft:killed":{"minecraft:pig":1,"minecraft:sheep":6,"minecraft:chicken":4},"minecraft:dropped":{"minecraft:white_bed":1,"minecraft:stone_pickaxe":1},"minecraft:broken":{"minecraft:stone_pickaxe":5,"minecraft:iron_pickaxe":2,"minecraft:wooden_axe":1,"minecraft:wooden_pickaxe":1},"minecraft:crafted":{"minecraft:oak_door":3,"minecraft:oak_planks":452,"minecraft:stone_shovel":1,"minecraft:cooked_porkchop":3,"minecraft:crafting_table":6,"minecraft:wooden_pickaxe":1,"minecraft:cooked_chicken":3,"minecraft:furnace":2,"minecraft:stone":14,"minecraft:bucket":1,"minecraft:stone_axe":2,"minecraft:bread":35,"minecraft:air":0,"minecraft:glass_pane":80,"minecraft:glass":33,"minecraft:oak_stairs":36,"minecraft:iron_ingot":25,"minecraft:iron_pickaxe":2,"minecraft:stone_pickaxe":8,"minecraft:wooden_axe":1,"minecraft:chest":2,"minecraft:white_bed":2,"minecraft:acacia_planks":32,"minecraft:torch":8,"minecraft:oak_fence":15,"minecraft:wheat":171},"minecraft:custom":{"minecraft:interact_with_furnace":15,"minecraft:mob_kills":11,"minecraft:interact_with_crafting_table":25,"minecraft:leave_game":13,"minecraft:time_since_death":118943,"minecraft:sleep_in_bed":10,"minecraft:climb_one_cm":710,"minecraft:time_since_rest":16556,"minecraft:sprint_one_cm":168532,"minecraft:damage_taken":2685,"minecraft:walk_one_cm":527274,"minecraft:drop":2,"minecraft:damage_dealt":851,"minecraft:swim_one_cm":14841,"minecraft:fly_one_cm":448122,"minecraft:open_chest":21,"minecraft:crouch_one_cm":22200,"minecraft:play_time":293215,"minecraft:deaths":7,"minecraft:sneak_time":7921,"minecraft:walk_under_water_one_cm":52476,"minecraft:jump":4172,"minecraft:walk_on_water_one_cm":105467,"minecraft:total_world_time":293215,"minecraft:fall_one_cm":113236},"minecraft:mined":{"minecraft:oak_slab":1,"minecraft:white_bed":2,"minecraft:powder_snow":96,"minecraft:crafting_table":1,"minecraft:emerald_ore":1,"minecraft:grass_block":15,"minecraft:cobblestone":53,"minecraft:tall_grass":8,"minecraft:oak_planks":56,"minecraft:wall_torch":4,"minecraft:pink_petals":2,"minecraft:hay_block":19,"minecraft:iron_ore":24,"minecraft:ice":1,"treechop:chopped_log":15,"minecraft:grass":27,"minecraft:oak_log":4,"minecraft:coal_ore":119,"minecraft:oak_stairs":8,"minecraft:gravel":18,"minecraft:sand":34,"minecraft:dirt":145,"minecraft:packed_ice":7,"minecraft:stone":1109,"minecraft:oak_leaves":5},"minecraft:used":{"minecraft:oak_fence":15,"minecraft:water_bucket":15,"minecraft:acacia_log":1,"minecraft:stone_shovel":48,"minecraft:stone_pickaxe":805,"minecraft:oak_planks":352,"minecraft:chest":2,"minecraft:wooden_pickaxe":59,"minecraft:stone":12,"minecraft:cooked_chicken":3,"minecraft:oak_door":1,"minecraft:torch":14,"minecraft:dirt":28,"minecraft:oak_slab":1,"minecraft:crafting_table":6,"minecraft:white_bed":3,"minecraft:milk_bucket":2,"minecraft:oak_log":1,"minecraft:wooden_axe":59,"minecraft:apple":2,"minecraft:oak_stairs":38,"minecraft:bread":13,"minecraft:iron_pickaxe":630,"minecraft:gravel":14,"minecraft:stone_axe":114,"minecraft:cobblestone":151,"minecraft:cooked_porkchop":3,"minecraft:furnace":2,"minecraft:oak_sapling":22,"minecraft:bucket":15,"minecraft:glass_pane":61,"minecraft:egg":1,"minecraft:cooked_beef":2},"minecraft:picked_up":{"minecraft:wooden_axe":2,"minecraft:pink_petals":16,"minecraft:crafting_table":1,"minecraft:feather":4,"minecraft:cooked_beef":2,"minecraft:chicken":6,"minecraft:wooden_pickaxe":2,"minecraft:oak_stairs":8,"minecraft:flint":9,"minecraft:oak_log":186,"minecraft:dirt":155,"minecraft:bone":3,"minecraft:glass_pane":12,"minecraft:apple":7,"minecraft:wheat_seeds":4,"minecraft:bucket":1,"minecraft:stone_pickaxe":1,"minecraft:iron_pickaxe":2,"minecraft:acacia_sapling":4,"minecraft:oak_planks":57,"minecraft:iron_sword":4,"minecraft:egg":7,"minecraft:oak_slab":1,"minecraft:stick":106,"minecraft:raw_iron":29,"minecraft:torch":19,"minecraft:acacia_log":9,"minecraft:gravel":14,"minecraft:porkchop":6,"minecraft:sand":33,"minecraft:white_bed":2,"minecraft:arrow":6,"minecraft:stone_axe":1,"minecraft:hay_block":19,"minecraft:bread":31,"minecraft:emerald":3,"minecraft:oak_sapling":88,"minecraft:mutton":10,"minecraft:coal":227,"minecraft:white_wool":12,"minecraft:cobblestone":1425}},"DataVersion":3465}