{"stats":{"minecraft:killed_by":{"minecraft:skeleton":3},"minecraft:killed":{"minecraft:pig":1,"minecraft:sheep":6,"minecraft:chicken":4},"minecraft:dropped":{"minecraft:wheat_seeds":1,"minecraft:white_bed":1,"minecraft:stone_pickaxe":1},"minecraft:broken":{"minecraft:stone_pickaxe":10,"minecraft:iron_pickaxe":2,"minecraft:wooden_axe":1,"minecraft:wooden_pickaxe":1},"minecraft:crafted":{"minecraft:oak_door":3,"minecraft:oak_planks":452,"minecraft:stone_shovel":1,"minecraft:cooked_porkchop":3,"minecraft:crafting_table":6,"minecraft:wooden_pickaxe":1,"minecraft:cooked_chicken":3,"minecraft:furnace":2,"minecraft:stone":14,"minecraft:bucket":1,"minecraft:stone_axe":2,"minecraft:bread":35,"minecraft:air":0,"minecraft:glass_pane":80,"minecraft:glass":33,"minecraft:stick":16,"minecraft:oak_stairs":36,"minecraft:iron_ingot":25,"minecraft:iron_pickaxe":2,"minecraft:stone_pickaxe":15,"minecraft:wooden_axe":1,"minecraft:chest":2,"minecraft:white_bed":2,"minecraft:acacia_planks":32,"minecraft:torch":56,"minecraft:oak_fence":15,"minecraft:wheat":171},"minecraft:custom":{"minecraft:interact_with_furnace":15,"minecraft:mob_kills":11,"minecraft:interact_with_crafting_table":29,"minecraft:leave_game":13,"minecraft:time_since_death":26082,"minecraft:sleep_in_bed":12,"minecraft:climb_one_cm":710,"minecraft:time_since_rest":12152,"minecraft:sprint_one_cm":229462,"minecraft:damage_taken":3465,"minecraft:walk_one_cm":599412,"minecraft:drop":3,"minecraft:damage_dealt":1008,"minecraft:swim_one_cm":22508,"minecraft:fly_one_cm":641935,"minecraft:open_chest":25,"minecraft:crouch_one_cm":25778,"minecraft:play_time":353215,"minecraft:deaths":8,"minecraft:sneak_time":8756,"minecraft:walk_under_water_one_cm":56559,"minecraft:jump":5293,"minecraft:walk_on_water_one_cm":119242,"minecraft:total_world_time":353215,"minecraft:fall_one_cm":146307},"minecraft:mined":{"minecraft:oak_slab":1,"minecraft:white_bed":2,"minecraft:powder_snow":134,"minecraft:crafting_table":1,"minecraft:torch":1,"minecraft:emerald_ore":1,"minecraft:grass_block":16,"minecraft:copper_ore":1,"minecraft:cobblestone":56,"minecraft:tall_grass":9,"minecraft:oak_planks":56,"minecraft:wall_torch":8,"minecraft:pink_petals":2,"minecraft:hay_block":19,"minecraft:iron_ore":34,"minecraft:ice":1,"treechop:chopped_log":15,"minecraft:grass":27,"minecraft:oak_log":4,"minecraft:coal_ore":139,"minecraft:oak_stairs":8,"minecraft:gravel":18,"minecraft:sand":34,"minecraft:dirt":145,"minecraft:packed_ice":8,"minecraft:stone":1717,"minecraft:oak_leaves":5},"minecraft:used":{"minecraft:oak_fence":15,"minecraft:water_bucket":15,"minecraft:acacia_log":1,"minecraft:stone_shovel":48,"minecraft:stone_pickaxe":1488,"minecraft:oak_planks":352,"minecraft:chest":2,"minecraft:wooden_pickaxe":59,"minecraft:stone":12,"minecraft:cooked_chicken":3,"minecraft:oak_door":1,"minecraft:torch":41,"minecraft:dirt":28,"minecraft:oak_slab":1,"minecraft:crafting_table":7,"minecraft:white_bed":3,"minecraft:milk_bucket":2,"minecraft:oak_log":1,"minecraft:wooden_axe":59,"minecraft:apple":2,"minecraft:oak_stairs":42,"minecraft:bread":25,"minecraft:iron_pickaxe":630,"minecraft:gravel":14,"minecraft:stone_axe":122,"minecraft:cobblestone":188,"minecraft:cooked_porkchop":3,"minecraft:furnace":2,"minecraft:oak_sapling":22,"minecraft:bucket":15,"minecraft:glass_pane":61,"minecraft:egg":3,"minecraft:cooked_beef":2},"minecraft:picked_up":{"minecraft:wooden_axe":2,"minecraft:pink_petals":16,"minecraft:crafting_table":2,"minecraft:feather":4,"minecraft:cooked_beef":2,"minecraft:chicken":6,"minecraft:wooden_pickaxe":2,"minecraft:oak_stairs":10,"minecraft:flint":9,"minecraft:oak_log":186,"minecraft:dirt":272,"minecraft:raw_copper":2,"minecraft:bone":5,"minecraft:glass_pane":12,"minecraft:apple":10,"minecraft:wheat_seeds":5,"minecraft:bucket":2,"minecraft:stone_pickaxe":4,"minecraft:iron_pickaxe":2,"minecraft:acacia_sapling":4,"minecraft:oak_planks":107,"minecraft:iron_sword":5,"minecraft:egg":7,"minecraft:oak_slab":1,"minecraft:stick":106,"minecraft:raw_iron":39,"minecraft:stone":2,"minecraft:oak_door":2,"minecraft:torch":31,"minecraft:acacia_log":9,"minecraft:gravel":14,"minecraft:porkchop":6,"minecraft:sand":33,"minecraft:white_bed":2,"minecraft:arrow":8,"minecraft:stone_shovel":1,"minecraft:stone_axe":2,"minecraft:hay_block":19,"minecraft:bread":46,"minecraft:emerald":3,"minecraft:oak_sapling":88,"minecraft:mutton":10,"minecraft:coal":317,"minecraft:white_wool":12,"minecraft:cobblestone":2299}},"DataVersion":3465}