{"stats":{"minecraft:used":{"minecraft:water_bucket":15,"minecraft:acacia_log":1,"minecraft:stone_shovel":48,"minecraft:stone_pickaxe":682,"minecraft:oak_planks":318,"minecraft:chest":2,"minecraft:wooden_pickaxe":59,"minecraft:stone":12,"minecraft:cooked_chicken":3,"minecraft:oak_door":1,"minecraft:torch":12,"minecraft:dirt":28,"minecraft:oak_slab":1,"minecraft:crafting_table":6,"minecraft:white_bed":3,"minecraft:milk_bucket":2,"minecraft:oak_log":1,"minecraft:wooden_axe":59,"minecraft:apple":2,"minecraft:bread":11,"minecraft:iron_pickaxe":630,"minecraft:gravel":14,"minecraft:stone_axe":71,"minecraft:cobblestone":147,"minecraft:cooked_porkchop":3,"minecraft:furnace":2,"minecraft:oak_sapling":22,"minecraft:bucket":15,"minecraft:glass_pane":61,"minecraft:egg":1,"minecraft:cooked_beef":2},"minecraft:broken":{"minecraft:stone_pickaxe":4,"minecraft:iron_pickaxe":2,"minecraft:wooden_axe":1,"minecraft:wooden_pickaxe":1},"minecraft:killed_by":{"minecraft:skeleton":2},"minecraft:picked_up":{"minecraft:wooden_axe":2,"minecraft:pink_petals":16,"minecraft:crafting_table":1,"minecraft:feather":4,"minecraft:cooked_beef":2,"minecraft:chicken":6,"minecraft:wooden_pickaxe":2,"minecraft:flint":9,"minecraft:oak_log":159,"minecraft:dirt":132,"minecraft:bone":3,"minecraft:glass_pane":12,"minecraft:apple":7,"minecraft:wheat_seeds":4,"minecraft:bucket":1,"minecraft:stone_pickaxe":1,"minecraft:iron_pickaxe":2,"minecraft:acacia_sapling":4,"minecraft:oak_planks":57,"minecraft:iron_sword":4,"minecraft:egg":7,"minecraft:oak_slab":1,"minecraft:stick":98,"minecraft:raw_iron":29,"minecraft:torch":18,"minecraft:acacia_log":9,"minecraft:gravel":14,"minecraft:porkchop":6,"minecraft:sand":33,"minecraft:white_bed":2,"minecraft:arrow":6,"minecraft:stone_axe":1,"minecraft:hay_block":19,"minecraft:bread":31,"minecraft:emerald":3,"minecraft:oak_sapling":69,"minecraft:mutton":10,"minecraft:coal":225,"minecraft:white_wool":12,"minecraft:cobblestone":1328},"minecraft:mined":{"minecraft:oak_slab":1,"minecraft:white_bed":2,"minecraft:powder_snow":96,"minecraft:crafting_table":1,"minecraft:emerald_ore":1,"minecraft:grass_block":15,"minecraft:tall_grass":8,"minecraft:cobblestone":33,"minecraft:oak_planks":56,"minecraft:wall_torch":4,"minecraft:pink_petals":2,"minecraft:hay_block":19,"minecraft:iron_ore":24,"minecraft:ice":1,"treechop:chopped_log":11,"minecraft:grass":27,"minecraft:coal_ore":117,"minecraft:gravel":18,"minecraft:sand":34,"minecraft:dirt":122,"minecraft:packed_ice":7,"minecraft:stone":1025},"minecraft:crafted":{"minecraft:oak_door":3,"minecraft:oak_planks":344,"minecraft:stone_shovel":1,"minecraft:cooked_porkchop":3,"minecraft:crafting_table":6,"minecraft:wooden_pickaxe":1,"minecraft:cooked_chicken":3,"minecraft:furnace":2,"minecraft:stone":14,"minecraft:bucket":1,"minecraft:stone_axe":2,"minecraft:bread":35,"minecraft:air":0,"minecraft:glass_pane":80,"minecraft:glass":33,"minecraft:iron_ingot":25,"minecraft:iron_pickaxe":2,"minecraft:stone_pickaxe":6,"minecraft:wooden_axe":1,"minecraft:chest":2,"minecraft:white_bed":2,"minecraft:acacia_planks":32,"minecraft:torch":8,"minecraft:wheat":171},"minecraft:dropped":{"minecraft:white_bed":1,"minecraft:stone_pickaxe":1},"minecraft:killed":{"minecraft:pig":1,"minecraft:sheep":6,"minecraft:chicken":4},"minecraft:custom":{"minecraft:interact_with_furnace":15,"minecraft:mob_kills":11,"minecraft:interact_with_crafting_table":22,"minecraft:leave_game":13,"minecraft:time_since_death":92913,"minecraft:sleep_in_bed":9,"minecraft:climb_one_cm":710,"minecraft:time_since_rest":10684,"minecraft:sprint_one_cm":160602,"minecraft:damage_taken":2685,"minecraft:walk_one_cm":465333,"minecraft:drop":2,"minecraft:damage_dealt":851,"minecraft:swim_one_cm":10827,"minecraft:fly_one_cm":437684,"minecraft:open_chest":16,"minecraft:crouch_one_cm":21075,"minecraft:play_time":267185,"minecraft:deaths":7,"minecraft:sneak_time":7698,"minecraft:walk_under_water_one_cm":49033,"minecraft:jump":3927,"minecraft:walk_on_water_one_cm":90387,"minecraft:total_world_time":267185,"minecraft:fall_one_cm":111862}},"DataVersion":3465}