{"stats":{"minecraft:used":{"minecraft:dirt":14,"minecraft:oak_slab":1},"minecraft:picked_up":{"minecraft:oak_slab":1,"minecraft:dirt":14},"minecraft:mined":{"minecraft:grass_block":5,"minecraft:oak_slab":1,"minecraft:dirt":9},"minecraft:custom":{"minecraft:jump":402,"minecraft:open_chest":1,"minecraft:time_since_rest":104,"minecraft:deaths":1,"minecraft:crouch_one_cm":1919,"minecraft:leave_game":2,"minecraft:sprint_one_cm":21301,"minecraft:play_time":9872,"minecraft:damage_taken":220,"minecraft:time_since_death":57,"minecraft:walk_one_cm":35275,"minecraft:sleep_in_bed":1,"minecraft:sneak_time":506,"minecraft:total_world_time":9872,"minecraft:fall_one_cm":15087,"minecraft:fly_one_cm":59461}},"DataVersion":3465}