{"stats":{"minecraft:killed_by":{"minecraft:skeleton":4},"minecraft:killed":{"minecraft:pig":1,"minecraft:sheep":6,"minecraft:zombie":1,"minecraft:chicken":4},"minecraft:dropped":{"minecraft:wheat_seeds":1,"minecraft:cobblestone":64,"minecraft:apple":1,"minecraft:white_bed":1,"minecraft:stone_pickaxe":1},"minecraft:broken":{"minecraft:stone_pickaxe":12,"minecraft:iron_pickaxe":2,"minecraft:wooden_axe":1,"minecraft:wooden_pickaxe":1},"minecraft:crafted":{"minecraft:oak_door":3,"minecraft:oak_planks":452,"minecraft:stone_shovel":1,"minecraft:cooked_porkchop":3,"minecraft:crafting_table":6,"minecraft:wooden_pickaxe":1,"minecraft:cooked_chicken":3,"minecraft:furnace":2,"minecraft:stone":17,"minecraft:bucket":1,"minecraft:stone_axe":2,"minecraft:bread":35,"minecraft:air":0,"minecraft:glass_pane":80,"minecraft:glass":33,"minecraft:stick":16,"minecraft:oak_stairs":36,"minecraft:iron_ingot":25,"minecraft:iron_pickaxe":2,"minecraft:stone_pickaxe":15,"minecraft:wooden_axe":1,"minecraft:chest":2,"minecraft:stonecutter":1,"minecraft:white_bed":2,"minecraft:acacia_planks":32,"minecraft:torch":56,"minecraft:oak_fence":15,"minecraft:wheat":171},"minecraft:custom":{"minecraft:interact_with_furnace":17,"minecraft:mob_kills":13,"minecraft:interact_with_crafting_table":31,"minecraft:interact_with_stonecutter":3,"minecraft:leave_game":13,"minecraft:time_since_death":5963,"minecraft:sleep_in_bed":13,"minecraft:climb_one_cm":710,"minecraft:time_since_rest":5624,"minecraft:sprint_one_cm":289122,"minecraft:damage_taken":3990,"minecraft:walk_one_cm":669147,"minecraft:drop":5,"minecraft:damage_dealt":1221,"minecraft:swim_one_cm":23978,"minecraft:fly_one_cm":701113,"minecraft:open_chest":30,"minecraft:crouch_one_cm":37078,"minecraft:play_time":389215,"minecraft:deaths":9,"minecraft:sneak_time":12685,"minecraft:walk_under_water_one_cm":64845,"minecraft:jump":5970,"minecraft:walk_on_water_one_cm":135243,"minecraft:total_world_time":389215,"minecraft:fall_one_cm":158492},"minecraft:mined":{"minecraft:oak_slab":1,"minecraft:white_bed":2,"minecraft:cobblestone_stairs":9,"minecraft:powder_snow":134,"minecraft:crafting_table":2,"minecraft:torch":4,"minecraft:emerald_ore":1,"minecraft:grass_block":16,"minecraft:copper_ore":1,"minecraft:cobblestone":59,"minecraft:tall_grass":9,"minecraft:polished_diorite":4,"minecraft:sculk":2,"minecraft:oak_planks":58,"minecraft:diorite":167,"minecraft:wall_torch":11,"minecraft:pink_petals":2,"minecraft:hay_block":19,"minecraft:sculk_catalyst":1,"minecraft:iron_ore":34,"minecraft:ice":1,"minecraft:andesite":10,"treechop:chopped_log":15,"minecraft:grass":27,"minecraft:oak_log":4,"minecraft:coal_ore":139,"minecraft:oak_stairs":9,"minecraft:gravel":18,"minecraft:sand":34,"minecraft:dirt":145,"minecraft:packed_ice":8,"minecraft:stone":1802,"minecraft:oak_leaves":5},"minecraft:used":{"minecraft:oak_fence":15,"minecraft:water_bucket":15,"minecraft:cobblestone_stairs":193,"minecraft:acacia_log":1,"minecraft:stone_shovel":48,"minecraft:stone_pickaxe":1770,"minecraft:oak_planks":372,"minecraft:chest":2,"minecraft:wooden_pickaxe":59,"minecraft:stone":12,"minecraft:stonecutter":1,"minecraft:cooked_chicken":3,"minecraft:oak_door":1,"minecraft:torch":60,"minecraft:dirt":28,"minecraft:oak_slab":1,"minecraft:crafting_table":7,"minecraft:white_bed":3,"minecraft:polished_diorite":155,"minecraft:milk_bucket":2,"minecraft:oak_log":1,"minecraft:wooden_axe":59,"minecraft:apple":4,"minecraft:oak_stairs":42,"minecraft:bread":31,"minecraft:iron_pickaxe":630,"minecraft:gravel":14,"minecraft:stone_axe":140,"minecraft:cobblestone":224,"minecraft:cooked_porkchop":3,"minecraft:furnace":2,"minecraft:oak_sapling":22,"minecraft:bucket":15,"minecraft:glass_pane":61,"minecraft:egg":3,"minecraft:cooked_beef":2},"minecraft:picked_up":{"minecraft:wooden_axe":2,"minecraft:pink_petals":16,"minecraft:crafting_table":4,"minecraft:feather":4,"minecraft:cooked_beef":2,"minecraft:chicken":6,"minecraft:glow_ink_sac":1,"minecraft:andesite":10,"minecraft:wooden_pickaxe":2,"minecraft:oak_stairs":14,"minecraft:flint":9,"minecraft:oak_log":186,"minecraft:cobblestone_stairs":9,"minecraft:string":4,"minecraft:dirt":389,"minecraft:raw_copper":2,"minecraft:bone":7,"minecraft:glass_pane":12,"minecraft:apple":13,"minecraft:wheat_seeds":5,"minecraft:bucket":3,"minecraft:stone_pickaxe":6,"minecraft:iron_pickaxe":2,"minecraft:acacia_sapling":4,"minecraft:oak_planks":147,"minecraft:iron_sword":6,"minecraft:egg":7,"minecraft:oak_slab":1,"minecraft:stick":106,"minecraft:raw_iron":39,"minecraft:stone":4,"minecraft:oak_door":4,"minecraft:torch":51,"minecraft:acacia_log":9,"minecraft:gravel":14,"minecraft:porkchop":6,"minecraft:sand":33,"minecraft:diorite":266,"minecraft:white_bed":2,"minecraft:rotten_flesh":1,"minecraft:arrow":10,"minecraft:stone_shovel":2,"minecraft:polished_diorite":4,"minecraft:stone_axe":3,"minecraft:hay_block":19,"minecraft:bread":50,"minecraft:emerald":3,"minecraft:oak_sapling":88,"minecraft:mutton":10,"minecraft:coal":383,"minecraft:white_wool":12,"minecraft:cobblestone":2450}},"DataVersion":3465}