{"stats":{"minecraft:used":{"minecraft:cooked_mutton":8,"minecraft:water_bucket":1,"minecraft:acacia_log":7,"naturalist:cooked_egg":3,"minecraft:stone_pickaxe":512,"minecraft:oak_planks":319,"minecraft:chest":5,"minecraft:wooden_pickaxe":21,"minecraft:iron_sword":8,"minecraft:torch":6,"minecraft:dirt":29,"minecraft:crafting_table":3,"minecraft:blast_furnace":2,"minecraft:white_bed":3,"minecraft:oak_log":4,"minecraft:wooden_axe":10,"minecraft:apple":5,"minecraft:iron_axe":96,"minecraft:brown_wool":1,"minecraft:iron_pickaxe":298,"minecraft:iron_helmet":1,"minecraft:iron_boots":1,"minecraft:stone_axe":62,"minecraft:cobblestone":36,"minecraft:furnace":7,"minecraft:oak_sapling":29,"minecraft:cooked_porkchop":3,"minecraft:andesite":6,"minecraft:bucket":1},"minecraft:mined":{"minecraft:white_bed":2,"minecraft:crafting_table":1,"minecraft:torch":1,"minecraft:acacia_log":7,"minecraft:blast_furnace":1,"minecraft:emerald_ore":5,"minecraft:grass_block":8,"minecraft:brown_wool":1,"minecraft:stone_slab":2,"minecraft:cobblestone":7,"minecraft:copper_ore":1,"minecraft:tall_grass":1,"minecraft:oak_planks":15,"minecraft:wall_torch":1,"minecraft:furnace":5,"minecraft:iron_ore":67,"minecraft:andesite":156,"treechop:chopped_log":12,"minecraft:grass":16,"minecraft:oak_log":7,"minecraft:coal_ore":75,"minecraft:dirt":47,"minecraft:stone":471,"minecraft:oak_leaves":2},"minecraft:broken":{"minecraft:stone_pickaxe":3,"minecraft:iron_pickaxe":1},"minecraft:killed_by":{"minecraft:creeper":1},"minecraft:dropped":{"minecraft:stone_axe":1,"minecraft:light_gray_wool":1,"minecraft:cobblestone":128,"minecraft:cooked_mutton":1,"minecraft:brown_wool":1,"minecraft:acacia_sapling":4},"minecraft:custom":{"minecraft:interact_with_furnace":38,"minecraft:mob_kills":9,"minecraft:interact_with_crafting_table":25,"minecraft:leave_game":8,"minecraft:time_since_death":170051,"minecraft:sleep_in_bed":5,"minecraft:climb_one_cm":1040,"minecraft:time_since_rest":0,"minecraft:sprint_one_cm":150870,"minecraft:damage_taken":1424,"minecraft:walk_one_cm":284954,"minecraft:drop":7,"minecraft:damage_dealt":1195,"minecraft:swim_one_cm":4328,"minecraft:fly_one_cm":405030,"minecraft:open_chest":1,"minecraft:crouch_one_cm":21718,"minecraft:play_time":199243,"minecraft:deaths":1,"minecraft:sneak_time":6266,"minecraft:walk_under_water_one_cm":4664,"minecraft:jump":2326,"minecraft:interact_with_blast_furnace":13,"minecraft:walk_on_water_one_cm":20403,"minecraft:total_world_time":199243,"minecraft:fall_one_cm":57001},"minecraft:killed":{"minecraft:pig":2,"minecraft:sheep":5,"naturalist:coral_snake":1,"minecraft:zombie":1},"minecraft:crafted":{"minecraft:smooth_stone":3,"minecraft:oak_planks":360,"minecraft:cooked_porkchop":3,"minecraft:crafting_table":2,"minecraft:wooden_pickaxe":1,"minecraft:iron_helmet":1,"minecraft:iron_sword":1,"minecraft:furnace":3,"minecraft:blast_furnace":1,"minecraft:birch_planks":12,"minecraft:stone":3,"minecraft:bucket":1,"minecraft:oak_wood":3,"minecraft:stone_axe":1,"minecraft:cooked_mutton":7,"minecraft:air":0,"minecraft:iron_boots":1,"minecraft:iron_axe":1,"minecraft:stick":24,"minecraft:iron_ingot":63,"minecraft:iron_pickaxe":2,"minecraft:stone_pickaxe":4,"minecraft:wooden_axe":1,"minecraft:chest":5,"minecraft:white_bed":1,"minecraft:acacia_planks":28,"minecraft:torch":28,"naturalist:cooked_egg":3},"minecraft:picked_up":{"minecraft:wooden_axe":1,"minecraft:birch_log":3,"minecraft:iron_chestplate":1,"minecraft:crafting_table":1,"minecraft:azure_bluet":3,"minecraft:andesite":155,"minecraft:brown_wool":3,"minecraft:stone_slab":3,"minecraft:wooden_pickaxe":1,"minecraft:oak_log":95,"minecraft:cornflower":7,"minecraft:dirt":59,"minecraft:iron_leggings":1,"minecraft:cooked_mutton":3,"minecraft:apple":5,"minecraft:wheat_seeds":5,"minecraft:white_tulip":3,"minecraft:iron_ingot":1,"minecraft:stone_pickaxe":1,"minecraft:light_gray_wool":1,"minecraft:acacia_sapling":4,"minecraft:oak_planks":188,"minecraft:egg":3,"minecraft:iron_boots":1,"minecraft:furnace":6,"minecraft:stick":35,"minecraft:raw_iron":67,"minecraft:torch":1,"minecraft:acacia_log":14,"minecraft:porkchop":3,"minecraft:blast_furnace":1,"minecraft:white_bed":2,"minecraft:rotten_flesh":1,"minecraft:stone_axe":2,"minecraft:iron_helmet":1,"minecraft:red_tulip":11,"minecraft:emerald":5,"minecraft:oak_sapling":42,"minecraft:mutton":8,"minecraft:coal":75,"minecraft:white_wool":3,"minecraft:cobblestone":446}},"DataVersion":3465}