{"stats":{"minecraft:mined":{"minecraft:powder_snow":8,"minecraft:crafting_table":1,"minecraft:emerald_ore":2,"minecraft:grass_block":33,"minecraft:rose_bush":3,"minecraft:tall_grass":17,"minecraft:oak_planks":4,"minecraft:pink_petals":4,"minecraft:iron_ore":84,"treechop:chopped_log":11,"minecraft:grass":79,"minecraft:coal_ore":225,"minecraft:oak_log":13,"minecraft:dirt":17,"minecraft:stone":122,"minecraft:oak_leaves":4},"minecraft:killed_by":{"minecraft:skeleton":3,"minecraft:creeper":1},"minecraft:custom":{"minecraft:interact_with_furnace":12,"minecraft:mob_kills":17,"minecraft:interact_with_crafting_table":11,"minecraft:time_since_death":1463,"minecraft:sleep_in_bed":4,"minecraft:time_since_rest":1512,"minecraft:sprint_one_cm":24160,"minecraft:damage_taken":1499,"minecraft:walk_one_cm":314090,"minecraft:drop":12,"minecraft:damage_dealt":2192,"minecraft:talked_to_villager":1,"minecraft:fly_one_cm":33611,"minecraft:open_chest":1,"minecraft:crouch_one_cm":457,"minecraft:play_time":87039,"minecraft:deaths":4,"minecraft:sneak_time":189,"minecraft:walk_under_water_one_cm":616,"minecraft:jump":1012,"minecraft:walk_on_water_one_cm":845,"minecraft:total_world_time":87039,"minecraft:fall_one_cm":14186},"minecraft:broken":{"minecraft:stone_pickaxe":1,"minecraft:iron_pickaxe":1,"minecraft:wooden_pickaxe":1},"minecraft:dropped":{"minecraft:iron_sword":1,"minecraft:cooked_beef":2,"minecraft:dirt":3,"minecraft:wooden_shovel":1,"minecraft:stone_pickaxe":1,"minecraft:iron_pickaxe":4},"minecraft:killed":{"minecraft:spider":1,"minecraft:sheep":3,"minecraft:zombie":7,"minecraft:chicken":2,"minecraft:cow":4},"minecraft:used":{"minecraft:cooked_mutton":1,"minecraft:rose_bush":3,"minecraft:stone_sword":125,"minecraft:stone_pickaxe":131,"minecraft:oak_planks":2,"minecraft:wooden_pickaxe":59,"minecraft:wooden_shovel":107,"minecraft:leather_boots":1,"minecraft:crafting_table":2,"minecraft:white_bed":1,"minecraft:iron_pickaxe":250,"minecraft:stone_axe":81,"minecraft:oak_sapling":9,"minecraft:furnace":1,"minecraft:egg":1,"minecraft:cooked_beef":5},"minecraft:picked_up":{"minecraft:pink_petals":11,"minecraft:crafting_table":1,"minecraft:feather":1,"minecraft:chicken":2,"minecraft:leather":4,"minecraft:oak_log":74,"minecraft:dirt":50,"minecraft:string":4,"minecraft:bone":2,"minecraft:apple":1,"minecraft:wheat_seeds":17,"minecraft:beef":7,"minecraft:stone_pickaxe":1,"minecraft:rose_bush":3,"minecraft:wooden_shovel":1,"minecraft:iron_pickaxe":3,"minecraft:oak_planks":2,"minecraft:egg":4,"minecraft:stick":15,"minecraft:raw_iron":83,"minecraft:white_bed":1,"minecraft:arrow":4,"minecraft:rotten_flesh":11,"minecraft:gray_wool":1,"minecraft:emerald":2,"minecraft:oak_sapling":22,"minecraft:coal":224,"minecraft:mutton":4,"minecraft:white_wool":2,"minecraft:cobblestone":114},"minecraft:crafted":{"minecraft:cooked_beef":7,"minecraft:oak_planks":16,"minecraft:wooden_shovel":1,"minecraft:leather_boots":1,"minecraft:crafting_table":1,"minecraft:wooden_pickaxe":1,"minecraft:iron_sword":2,"minecraft:furnace":1,"minecraft:oak_wood":3,"minecraft:stone_axe":1,"minecraft:cooked_mutton":4,"minecraft:stick":16,"minecraft:iron_ingot":10,"minecraft:iron_pickaxe":2,"minecraft:stone_pickaxe":1,"minecraft:stone_sword":1}},"DataVersion":3465}