{"stats":{"minecraft:killed":{"minecraft:chicken":1},"minecraft:dropped":{"minecraft:bread":1},"minecraft:crafted":{"minecraft:cherry_planks":12,"minecraft:crafting_table":1,"minecraft:wooden_pickaxe":1,"minecraft:stone_pickaxe":1,"minecraft:torch":4,"minecraft:stone_axe":1},"minecraft:custom":{"minecraft:time_since_rest":18447,"minecraft:sprint_one_cm":25538,"minecraft:damage_taken":246,"minecraft:walk_one_cm":64349,"minecraft:mob_kills":1,"minecraft:drop":1,"minecraft:damage_dealt":49,"minecraft:interact_with_crafting_table":3,"minecraft:fly_one_cm":33173,"minecraft:open_chest":3,"minecraft:crouch_one_cm":626,"minecraft:play_time":18447,"minecraft:sneak_time":224,"minecraft:walk_under_water_one_cm":1461,"minecraft:jump":249,"minecraft:walk_on_water_one_cm":2888,"minecraft:time_since_death":18447,"minecraft:total_world_time":18447,"minecraft:fall_one_cm":9234,"minecraft:inspect_dispenser":1},"minecraft:used":{"minecraft:firework_rocket":2,"minecraft:bread":3,"minecraft:stone_pickaxe":35,"minecraft:wooden_pickaxe":20,"minecraft:rotten_flesh":2,"minecraft:stone_axe":14,"minecraft:dirt":12,"minecraft:crafting_table":1,"minecraft:potato":29},"minecraft:mined":{"minecraft:pink_petals":3,"minecraft:hay_block":2,"minecraft:white_bed":1,"minecraft:carrots":30,"minecraft:wheat":56,"minecraft:dandelion":1,"treechop:chopped_log":2,"minecraft:clay":1,"minecraft:crafting_table":1,"minecraft:grass":11,"minecraft:grass_block":8,"minecraft:potatoes":11,"minecraft:coal_ore":1,"minecraft:beetroots":6,"minecraft:dirt":18,"minecraft:tall_grass":9,"minecraft:stone":37},"minecraft:picked_up":{"minecraft:pink_petals":4,"minecraft:stick":20,"minecraft:crafting_table":1,"minecraft:wheat":56,"minecraft:chicken":1,"minecraft:clay_ball":4,"minecraft:dandelion":1,"minecraft:potato":43,"minecraft:cherry_log":42,"minecraft:white_bed":1,"minecraft:carrot":89,"minecraft:dirt":26,"minecraft:lantern":1,"minecraft:item_frame":1,"minecraft:arrow":1,"minecraft:rotten_flesh":3,"minecraft:beetroot":6,"minecraft:beetroot_seeds":18,"minecraft:wheat_seeds":146,"minecraft:hay_block":2,"minecraft:cherry_sapling":39,"minecraft:bread":1,"minecraft:coal":1,"minecraft:cobblestone":36,"minecraft:egg":1}},"DataVersion":3465}