{"stats":{"minecraft:killed_by":{"minecraft:skeleton":3},"minecraft:killed":{"minecraft:spider":1,"minecraft:slime":3,"minecraft:skeleton":3,"minecraft:chicken":1,"minecraft:creeper":1,"minecraft:zombie":16},"minecraft:broken":{"minecraft:chainmail_helmet":1,"minecraft:stone_hoe":2},"minecraft:dropped":{"minecraft:bread":1,"minecraft:wheat_seeds":95,"minecraft:cobblestone":24,"minecraft:item_frame":1,"minecraft:diorite":51,"minecraft:cherry_planks":2,"minecraft:string":2,"minecraft:pink_petals":8,"minecraft:dandelion":1,"minecraft:cobbled_deepslate":2,"minecraft:wheat":2,"minecraft:tall_grass":2,"minecraft:rotten_flesh":5,"minecraft:clay_ball":4,"minecraft:egg":2},"minecraft:crafted":{"minecraft:cherry_planks":164,"minecraft:cooked_chicken":1,"minecraft:furnace":2,"minecraft:iron_boots":1,"minecraft:iron_axe":1,"minecraft:stone_pickaxe":1,"minecraft:chest":1,"minecraft:stone_hoe":2,"minecraft:wheat":18,"minecraft:crafting_table":4,"minecraft:wooden_pickaxe":1,"minecraft:iron_helmet":1,"minecraft:iron_sword":1,"minecraft:stone_axe":1,"minecraft:bread":24,"minecraft:air":0,"minecraft:iron_chestplate":1,"minecraft:shield":1,"minecraft:stick":12,"minecraft:iron_ingot":73,"minecraft:iron_pickaxe":2,"minecraft:stone_sword":1,"minecraft:iron_leggings":1,"minecraft:torch":4},"minecraft:custom":{"minecraft:mob_kills":25,"minecraft:interact_with_crafting_table":22,"minecraft:open_barrel":5,"minecraft:time_since_death":71802,"minecraft:climb_one_cm":4454,"minecraft:sprint_one_cm":177344,"minecraft:walk_one_cm":292892,"minecraft:damage_blocked_by_shield":585,"minecraft:drop":19,"minecraft:talked_to_villager":2,"minecraft:play_time":162447,"minecraft:deaths":4,"minecraft:sneak_time":6231,"minecraft:walk_under_water_one_cm":7773,"minecraft:jump":2089,"minecraft:walk_on_water_one_cm":46080,"minecraft:total_world_time":162447,"minecraft:interact_with_furnace":20,"minecraft:sleep_in_bed":2,"minecraft:time_since_rest":71941,"minecraft:damage_taken":2833,"minecraft:damage_dealt":4482,"minecraft:swim_one_cm":39925,"minecraft:fly_one_cm":215093,"minecraft:open_chest":16,"minecraft:crouch_one_cm":17825,"minecraft:fall_one_cm":69541,"minecraft:inspect_dispenser":1},"minecraft:used":{"minecraft:stone_sword":11,"minecraft:chest":1,"minecraft:shield":9,"minecraft:iron_sword":47,"minecraft:cooked_chicken":1,"minecraft:stone_hoe":262,"minecraft:rotten_flesh":5,"minecraft:torch":13,"minecraft:dirt":28,"minecraft:anvil":1,"minecraft:tuff":1,"minecraft:granite":14,"minecraft:iron_axe":36,"minecraft:furnace":2,"minecraft:potato":29,"minecraft:cobbled_deepslate":3,"minecraft:stone_pickaxe":119,"minecraft:wooden_pickaxe":20,"minecraft:cherry_planks":19,"minecraft:crafting_table":5,"minecraft:white_bed":3,"minecraft:apple":1,"minecraft:firework_rocket":2,"minecraft:bread":33,"minecraft:iron_pickaxe":244,"minecraft:stone_axe":41,"minecraft:cobblestone":35},"minecraft:mined":{"minecraft:tuff":4,"minecraft:white_bed":4,"minecraft:sculk_vein":29,"minecraft:granite":25,"minecraft:grass_block":9,"minecraft:hay_block":2,"minecraft:redstone_ore":1,"minecraft:sculk_catalyst":1,"minecraft:furnace":1,"minecraft:carrots":30,"minecraft:iron_ore":74,"minecraft:andesite":2,"treechop:chopped_log":2,"minecraft:deepslate_lapis_ore":3,"minecraft:anvil":2,"minecraft:bookshelf":10,"minecraft:potatoes":11,"minecraft:deepslate_iron_ore":18,"minecraft:vine":1,"minecraft:packed_ice":1,"minecraft:stone":100,"minecraft:deepslate_redstone_ore":8,"minecraft:cherry_planks":6,"minecraft:dandelion":1,"minecraft:powder_snow":4,"minecraft:crafting_table":2,"minecraft:clay":1,"minecraft:torch":1,"minecraft:emerald_ore":2,"minecraft:sculk_sensor":8,"minecraft:tall_grass":9,"minecraft:lapis_ore":1,"minecraft:deepslate_gold_ore":8,"minecraft:oak_planks":1,"minecraft:sculk":761,"minecraft:diorite":48,"minecraft:wall_torch":5,"minecraft:pink_petals":3,"minecraft:wheat":56,"minecraft:grass":14,"minecraft:coal_ore":35,"minecraft:beetroots":6,"minecraft:cherry_leaves":2,"minecraft:gravel":16,"minecraft:dirt":19,"minecraft:stone_bricks":2,"minecraft:deepslate":11},"minecraft:picked_up":{"minecraft:crafting_table":2,"minecraft:wheat":116,"minecraft:chicken":4,"minecraft:clay_ball":8,"minecraft:anvil":2,"minecraft:wooden_pickaxe":1,"minecraft:shield":1,"minecraft:string":4,"minecraft:item_frame":2,"minecraft:beetroot":18,"minecraft:cobbled_deepslate":6,"minecraft:iron_pickaxe":2,"minecraft:furnace":1,"minecraft:egg":3,"minecraft:raw_iron":192,"minecraft:stick":32,"minecraft:torch":14,"minecraft:cherry_log":143,"minecraft:diorite":102,"minecraft:carrot":331,"minecraft:redstone":78,"minecraft:rotten_flesh":15,"minecraft:stone_sword":2,"minecraft:arrow":12,"minecraft:beetroot_seeds":54,"minecraft:hay_block":4,"minecraft:cobblestone":146,"minecraft:pink_petals":12,"minecraft:cherry_planks":13,"minecraft:glow_ink_sac":2,"minecraft:potato":87,"minecraft:tuff":1,"minecraft:lapis_lazuli":58,"minecraft:dirt":42,"minecraft:lantern":3,"minecraft:bone":12,"minecraft:apple":1,"minecraft:stone_bricks":2,"minecraft:wheat_seeds":561,"minecraft:raw_gold":16,"minecraft:iron_ingot":3,"minecraft:stone_pickaxe":2,"minecraft:tall_grass":2,"minecraft:acacia_sapling":1,"minecraft:iron_sword":1,"minecraft:oak_planks":1,"minecraft:book":30,"minecraft:dandelion":1,"minecraft:white_bed":6,"minecraft:firework_rocket":96,"minecraft:slime_ball":12,"minecraft:stone_axe":3,"minecraft:polished_diorite":15,"minecraft:granite":38,"minecraft:cherry_sapling":117,"minecraft:emerald":6,"minecraft:bread":13,"minecraft:chainmail_helmet":1,"minecraft:coal":95}},"DataVersion":3465}