{"stats":{"minecraft:killed_by":{"minecraft:skeleton":1},"minecraft:killed":{"minecraft:chicken":1},"minecraft:dropped":{"minecraft:bread":1,"minecraft:tall_grass":2,"minecraft:cobblestone":24,"minecraft:pink_petals":8,"minecraft:egg":1,"minecraft:dandelion":1},"minecraft:crafted":{"minecraft:cherry_planks":20,"minecraft:crafting_table":2,"minecraft:wooden_pickaxe":1,"minecraft:iron_sword":1,"minecraft:furnace":1,"minecraft:stone_axe":1,"minecraft:bread":24,"minecraft:air":0,"minecraft:shield":1,"minecraft:stick":4,"minecraft:iron_ingot":9,"minecraft:iron_pickaxe":1,"minecraft:stone_pickaxe":1,"minecraft:stone_sword":1,"minecraft:torch":4,"minecraft:wheat":18},"minecraft:custom":{"minecraft:interact_with_furnace":11,"minecraft:mob_kills":1,"minecraft:interact_with_crafting_table":12,"minecraft:time_since_death":7829,"minecraft:time_since_rest":7930,"minecraft:sprint_one_cm":43443,"minecraft:damage_taken":501,"minecraft:walk_one_cm":84653,"minecraft:drop":7,"minecraft:damage_dealt":49,"minecraft:fly_one_cm":54200,"minecraft:open_chest":3,"minecraft:crouch_one_cm":694,"minecraft:play_time":30447,"minecraft:deaths":1,"minecraft:sneak_time":255,"minecraft:walk_under_water_one_cm":1652,"minecraft:jump":445,"minecraft:walk_on_water_one_cm":13388,"minecraft:total_world_time":30447,"minecraft:fall_one_cm":17740,"minecraft:inspect_dispenser":1},"minecraft:used":{"minecraft:stone_pickaxe":64,"minecraft:wooden_pickaxe":20,"minecraft:rotten_flesh":2,"minecraft:torch":1,"minecraft:dirt":13,"minecraft:crafting_table":3,"minecraft:firework_rocket":2,"minecraft:bread":5,"minecraft:iron_pickaxe":2,"minecraft:stone_axe":14,"minecraft:furnace":1,"minecraft:potato":29},"minecraft:mined":{"minecraft:white_bed":1,"minecraft:dandelion":1,"minecraft:clay":1,"minecraft:crafting_table":1,"minecraft:granite":14,"minecraft:grass_block":8,"minecraft:tall_grass":9,"minecraft:diorite":1,"minecraft:wall_torch":1,"minecraft:pink_petals":3,"minecraft:hay_block":2,"minecraft:carrots":30,"minecraft:iron_ore":9,"minecraft:wheat":56,"treechop:chopped_log":2,"minecraft:grass":11,"minecraft:coal_ore":1,"minecraft:potatoes":11,"minecraft:beetroots":6,"minecraft:dirt":19,"minecraft:stone":43},"minecraft:picked_up":{"minecraft:pink_petals":12,"minecraft:crafting_table":1,"minecraft:wheat":112,"minecraft:chicken":2,"minecraft:cherry_planks":5,"minecraft:clay_ball":8,"minecraft:wooden_pickaxe":1,"minecraft:potato":65,"minecraft:dirt":41,"minecraft:lantern":2,"minecraft:item_frame":2,"minecraft:beetroot":12,"minecraft:wheat_seeds":305,"minecraft:stone_pickaxe":1,"minecraft:tall_grass":2,"minecraft:acacia_sapling":1,"minecraft:egg":2,"minecraft:stick":32,"minecraft:raw_iron":11,"minecraft:torch":5,"minecraft:dandelion":1,"minecraft:cherry_log":81,"minecraft:diorite":2,"minecraft:white_bed":2,"minecraft:carrot":178,"minecraft:firework_rocket":48,"minecraft:stone_sword":1,"minecraft:arrow":2,"minecraft:rotten_flesh":4,"minecraft:beetroot_seeds":36,"minecraft:stone_axe":1,"minecraft:hay_block":4,"minecraft:granite":28,"minecraft:cherry_sapling":78,"minecraft:bread":1,"minecraft:emerald":1,"minecraft:coal":1,"minecraft:cobblestone":72}},"DataVersion":3465}