{"stats":{"minecraft:killed_by":{"minecraft:skeleton":1},"minecraft:killed":{"minecraft:zombie":2,"minecraft:chicken":1},"minecraft:broken":{"minecraft:stone_hoe":2},"minecraft:dropped":{"minecraft:bread":1,"minecraft:tall_grass":2,"minecraft:cobblestone":24,"minecraft:item_frame":1,"minecraft:diorite":1,"minecraft:pink_petals":8,"minecraft:egg":1,"minecraft:dandelion":1},"minecraft:crafted":{"minecraft:cherry_planks":28,"minecraft:crafting_table":3,"minecraft:wooden_pickaxe":1,"minecraft:iron_sword":1,"minecraft:furnace":1,"minecraft:stone_axe":1,"minecraft:bread":24,"minecraft:air":0,"minecraft:shield":1,"minecraft:stick":8,"minecraft:iron_ingot":9,"minecraft:iron_pickaxe":1,"minecraft:stone_pickaxe":1,"minecraft:stone_sword":1,"minecraft:torch":4,"minecraft:stone_hoe":2,"minecraft:wheat":18},"minecraft:custom":{"minecraft:interact_with_furnace":11,"minecraft:mob_kills":3,"minecraft:interact_with_crafting_table":17,"minecraft:time_since_death":31829,"minecraft:sleep_in_bed":1,"minecraft:time_since_rest":12152,"minecraft:sprint_one_cm":54600,"minecraft:damage_taken":551,"minecraft:walk_one_cm":142428,"minecraft:drop":9,"minecraft:damage_dealt":449,"minecraft:fly_one_cm":61117,"minecraft:open_chest":3,"minecraft:crouch_one_cm":3318,"minecraft:play_time":54447,"minecraft:deaths":1,"minecraft:sneak_time":1503,"minecraft:walk_under_water_one_cm":1652,"minecraft:jump":728,"minecraft:walk_on_water_one_cm":13388,"minecraft:total_world_time":54447,"minecraft:fall_one_cm":23020,"minecraft:inspect_dispenser":1},"minecraft:used":{"minecraft:stone_pickaxe":119,"minecraft:wooden_pickaxe":20,"minecraft:iron_sword":8,"minecraft:stone_hoe":262,"minecraft:rotten_flesh":2,"minecraft:torch":4,"minecraft:dirt":17,"minecraft:crafting_table":4,"minecraft:white_bed":1,"minecraft:granite":8,"minecraft:firework_rocket":2,"minecraft:bread":7,"minecraft:iron_pickaxe":81,"minecraft:stone_axe":14,"minecraft:cobblestone":3,"minecraft:furnace":1,"minecraft:potato":29,"minecraft:cobbled_deepslate":1},"minecraft:picked_up":{"minecraft:pink_petals":12,"minecraft:crafting_table":1,"minecraft:wheat":112,"minecraft:chicken":2,"minecraft:cherry_planks":5,"minecraft:clay_ball":8,"minecraft:wooden_pickaxe":1,"minecraft:potato":65,"minecraft:tuff":1,"minecraft:lapis_lazuli":20,"minecraft:dirt":41,"minecraft:lantern":2,"minecraft:item_frame":2,"minecraft:beetroot":12,"minecraft:wheat_seeds":305,"minecraft:cobbled_deepslate":2,"minecraft:raw_gold":8,"minecraft:stone_pickaxe":1,"minecraft:tall_grass":2,"minecraft:acacia_sapling":1,"minecraft:egg":2,"minecraft:stick":32,"minecraft:raw_iron":45,"minecraft:torch":7,"minecraft:dandelion":1,"minecraft:cherry_log":81,"minecraft:diorite":47,"minecraft:white_bed":3,"minecraft:carrot":178,"minecraft:redstone":39,"minecraft:firework_rocket":48,"minecraft:stone_sword":1,"minecraft:arrow":2,"minecraft:rotten_flesh":6,"minecraft:beetroot_seeds":36,"minecraft:stone_axe":1,"minecraft:hay_block":4,"minecraft:granite":28,"minecraft:cherry_sapling":78,"minecraft:bread":1,"minecraft:emerald":1,"minecraft:coal":1,"minecraft:cobblestone":78},"minecraft:mined":{"minecraft:deepslate_redstone_ore":8,"minecraft:tuff":4,"minecraft:white_bed":2,"minecraft:sculk_vein":29,"minecraft:dandelion":1,"minecraft:clay":1,"minecraft:crafting_table":1,"minecraft:granite":14,"minecraft:grass_block":8,"minecraft:sculk_sensor":8,"minecraft:tall_grass":9,"minecraft:deepslate_gold_ore":8,"minecraft:lapis_ore":1,"minecraft:sculk":761,"minecraft:diorite":46,"minecraft:wall_torch":1,"minecraft:pink_petals":3,"minecraft:hay_block":2,"minecraft:redstone_ore":1,"minecraft:sculk_catalyst":1,"minecraft:carrots":30,"minecraft:iron_ore":27,"minecraft:wheat":56,"treechop:chopped_log":2,"minecraft:deepslate_lapis_ore":2,"minecraft:grass":11,"minecraft:deepslate_iron_ore":17,"minecraft:coal_ore":1,"minecraft:potatoes":11,"minecraft:beetroots":6,"minecraft:gravel":16,"minecraft:dirt":19,"minecraft:stone":49,"minecraft:deepslate":8}},"DataVersion":3465}