{"stats":{"minecraft:killed_by":{"minecraft:skeleton":3},"minecraft:killed":{"minecraft:spider":1,"minecraft:slime":3,"minecraft:skeleton":2,"minecraft:zombie":10,"minecraft:chicken":1},"minecraft:broken":{"minecraft:chainmail_helmet":1,"minecraft:stone_hoe":2},"minecraft:dropped":{"minecraft:bread":1,"minecraft:wheat_seeds":95,"minecraft:cobbled_deepslate":2,"minecraft:rotten_flesh":5,"minecraft:tall_grass":2,"minecraft:cobblestone":24,"minecraft:clay_ball":4,"minecraft:item_frame":1,"minecraft:diorite":1,"minecraft:cherry_planks":2,"minecraft:pink_petals":8,"minecraft:egg":2,"minecraft:dandelion":1},"minecraft:crafted":{"minecraft:cherry_planks":52,"minecraft:crafting_table":3,"minecraft:wooden_pickaxe":1,"minecraft:iron_sword":1,"minecraft:furnace":1,"minecraft:stone_axe":1,"minecraft:bread":24,"minecraft:air":0,"minecraft:shield":1,"minecraft:stick":8,"minecraft:iron_ingot":9,"minecraft:iron_pickaxe":1,"minecraft:stone_pickaxe":1,"minecraft:stone_sword":1,"minecraft:torch":4,"minecraft:stone_hoe":2,"minecraft:wheat":18},"minecraft:custom":{"minecraft:interact_with_furnace":12,"minecraft:mob_kills":17,"minecraft:interact_with_crafting_table":17,"minecraft:time_since_death":8459,"minecraft:sleep_in_bed":1,"minecraft:climb_one_cm":1862,"minecraft:time_since_rest":8489,"minecraft:sprint_one_cm":88725,"minecraft:damage_taken":1845,"minecraft:walk_one_cm":215979,"minecraft:damage_blocked_by_shield":315,"minecraft:drop":16,"minecraft:damage_dealt":3007,"minecraft:swim_one_cm":2350,"minecraft:fly_one_cm":114865,"minecraft:open_chest":4,"minecraft:crouch_one_cm":9321,"minecraft:play_time":78447,"minecraft:deaths":3,"minecraft:sneak_time":3802,"minecraft:walk_under_water_one_cm":5819,"minecraft:jump":1383,"minecraft:walk_on_water_one_cm":38417,"minecraft:total_world_time":78447,"minecraft:fall_one_cm":36993,"minecraft:inspect_dispenser":1},"minecraft:used":{"minecraft:stone_sword":11,"minecraft:stone_pickaxe":119,"minecraft:shield":5,"minecraft:wooden_pickaxe":20,"minecraft:cherry_planks":13,"minecraft:iron_sword":44,"minecraft:stone_hoe":262,"minecraft:rotten_flesh":2,"minecraft:torch":9,"minecraft:dirt":28,"minecraft:crafting_table":4,"minecraft:white_bed":2,"minecraft:tuff":1,"minecraft:granite":14,"minecraft:firework_rocket":2,"minecraft:bread":20,"minecraft:iron_pickaxe":182,"minecraft:stone_axe":28,"minecraft:cobblestone":13,"minecraft:furnace":1,"minecraft:potato":29,"minecraft:cobbled_deepslate":3},"minecraft:picked_up":{"minecraft:pink_petals":12,"minecraft:crafting_table":1,"minecraft:wheat":114,"minecraft:anvil":1,"minecraft:chicken":4,"minecraft:cherry_planks":7,"minecraft:clay_ball":8,"minecraft:wooden_pickaxe":1,"minecraft:potato":87,"minecraft:tuff":1,"minecraft:shield":1,"minecraft:string":4,"minecraft:lapis_lazuli":58,"minecraft:dirt":42,"minecraft:lantern":3,"minecraft:item_frame":2,"minecraft:bone":12,"minecraft:beetroot":18,"minecraft:wheat_seeds":561,"minecraft:cobbled_deepslate":6,"minecraft:raw_gold":16,"minecraft:iron_ingot":3,"minecraft:stone_pickaxe":2,"minecraft:tall_grass":2,"minecraft:iron_pickaxe":2,"minecraft:iron_sword":1,"minecraft:acacia_sapling":1,"minecraft:egg":3,"minecraft:stick":32,"minecraft:raw_iron":192,"minecraft:torch":11,"minecraft:dandelion":1,"minecraft:cherry_log":143,"minecraft:diorite":102,"minecraft:white_bed":5,"minecraft:carrot":331,"minecraft:redstone":78,"minecraft:firework_rocket":96,"minecraft:stone_sword":2,"minecraft:arrow":10,"minecraft:rotten_flesh":11,"minecraft:slime_ball":12,"minecraft:beetroot_seeds":54,"minecraft:stone_axe":3,"minecraft:hay_block":4,"minecraft:granite":28,"minecraft:cherry_sapling":117,"minecraft:chainmail_helmet":1,"minecraft:bread":13,"minecraft:emerald":6,"minecraft:coal":69,"minecraft:cobblestone":104},"minecraft:mined":{"minecraft:deepslate_redstone_ore":8,"minecraft:tuff":4,"minecraft:white_bed":3,"minecraft:sculk_vein":29,"minecraft:dandelion":1,"minecraft:clay":1,"minecraft:crafting_table":1,"minecraft:torch":1,"minecraft:granite":14,"minecraft:emerald_ore":2,"minecraft:grass_block":9,"minecraft:sculk_sensor":8,"minecraft:tall_grass":9,"minecraft:deepslate_gold_ore":8,"minecraft:lapis_ore":1,"minecraft:sculk":761,"minecraft:diorite":48,"minecraft:wall_torch":2,"minecraft:pink_petals":3,"minecraft:hay_block":2,"minecraft:redstone_ore":1,"minecraft:sculk_catalyst":1,"minecraft:carrots":30,"minecraft:iron_ore":74,"minecraft:wheat":56,"minecraft:andesite":2,"treechop:chopped_log":2,"minecraft:anvil":1,"minecraft:deepslate_lapis_ore":3,"minecraft:vine":1,"minecraft:grass":11,"minecraft:deepslate_iron_ore":18,"minecraft:coal_ore":35,"minecraft:potatoes":11,"minecraft:beetroots":6,"minecraft:gravel":16,"minecraft:dirt":19,"minecraft:stone":56,"minecraft:deepslate":11}},"DataVersion":3465}