{"stats":{"minecraft:killed":{"minecraft:chicken":1},"minecraft:custom":{"minecraft:crouch_one_cm":101,"minecraft:time_since_rest":6447,"minecraft:open_chest":2,"minecraft:play_time":6447,"minecraft:sprint_one_cm":11497,"minecraft:sneak_time":29,"minecraft:damage_taken":180,"minecraft:walk_one_cm":41544,"minecraft:walk_under_water_one_cm":1262,"minecraft:mob_kills":1,"minecraft:jump":129,"minecraft:damage_dealt":49,"minecraft:time_since_death":6447,"minecraft:walk_on_water_one_cm":252,"minecraft:total_world_time":6447,"minecraft:inspect_dispenser":1,"minecraft:fall_one_cm":5076,"minecraft:fly_one_cm":19965},"minecraft:used":{"minecraft:potato":29,"minecraft:dirt":3},"minecraft:picked_up":{"minecraft:wheat":56,"minecraft:crafting_table":1,"minecraft:item_frame":1,"minecraft:arrow":1,"minecraft:clay_ball":4,"minecraft:beetroot":6,"minecraft:beetroot_seeds":18,"minecraft:wheat_seeds":146,"minecraft:potato":43,"minecraft:hay_block":2,"minecraft:white_bed":1,"minecraft:carrot":89,"minecraft:egg":1,"minecraft:chicken":1,"minecraft:dirt":11,"minecraft:lantern":1},"minecraft:mined":{"minecraft:grass":3,"minecraft:hay_block":2,"minecraft:potatoes":11,"minecraft:beetroots":6,"minecraft:white_bed":1,"minecraft:carrots":30,"minecraft:dirt":6,"minecraft:wheat":56,"minecraft:clay":1,"minecraft:crafting_table":1,"minecraft:grass_block":5}},"DataVersion":3465}