{"stats":{"minecraft:used":{"minecraft:stone_sword":11,"naturalist:cooked_egg":1,"minecraft:armor_stand":4,"minecraft:stone_pickaxe":41,"minecraft:ladder":3,"minecraft:cooked_chicken":2,"minecraft:iron_chestplate":1,"minecraft:torch":3,"minecraft:dirt":26,"minecraft:mutton":1,"minecraft:crafting_table":2,"minecraft:bread":5,"minecraft:iron_helmet":1,"minecraft:iron_boots":1,"minecraft:stone_axe":7,"minecraft:pumpkin_pie":1,"minecraft:egg":1,"minecraft:iron_leggings":1},"minecraft:mined":{"minecraft:crafting_table":1,"minecraft:ladder":4,"minecraft:hay_block":2,"treechop:chopped_log":2,"minecraft:grass":12,"minecraft:coal_ore":40,"minecraft:stone":1,"minecraft:fern":3},"minecraft:killed_by":{"minecraft:creeper":2},"minecraft:dropped":{"minecraft:stone_axe":1,"minecraft:feather":8,"minecraft:iron_helmet":1,"minecraft:iron_boots":1,"minecraft:iron_chestplate":1,"minecraft:iron_leggings":1},"minecraft:custom":{"minecraft:interact_with_furnace":7,"minecraft:mob_kills":9,"minecraft:interact_with_crafting_table":6,"minecraft:leave_game":4,"minecraft:time_since_death":32239,"minecraft:sleep_in_bed":1,"minecraft:climb_one_cm":1313,"minecraft:time_since_rest":5029,"minecraft:sprint_one_cm":112568,"minecraft:damage_taken":965,"minecraft:walk_one_cm":126191,"minecraft:drop":6,"minecraft:damage_dealt":598,"minecraft:swim_one_cm":11516,"minecraft:fly_one_cm":208433,"minecraft:open_chest":6,"minecraft:play_time":87960,"minecraft:deaths":2,"minecraft:walk_under_water_one_cm":1543,"minecraft:jump":1019,"minecraft:walk_on_water_one_cm":2990,"minecraft:total_world_time":87960,"minecraft:fall_one_cm":27788},"minecraft:killed":{"minecraft:sheep":4,"minecraft:zombie":1,"minecraft:chicken":4},"minecraft:crafted":{"minecraft:oak_planks":12,"minecraft:crafting_table":1,"minecraft:cooked_chicken":2,"minecraft:air":0,"minecraft:stick":16,"minecraft:stone_pickaxe":1,"minecraft:stone_sword":1,"minecraft:torch":28,"naturalist:cooked_egg":1},"minecraft:picked_up":{"minecraft:crafting_table":2,"minecraft:iron_chestplate":3,"minecraft:wheat":1,"minecraft:feather":8,"minecraft:chicken":4,"minecraft:ladder":3,"minecraft:oak_log":24,"minecraft:gunpowder":4,"minecraft:dirt":26,"minecraft:raw_copper":4,"minecraft:iron_leggings":3,"minecraft:armor_stand":4,"minecraft:wheat_seeds":5,"minecraft:iron_pickaxe":1,"minecraft:light_gray_wool":1,"minecraft:iron_boots":3,"minecraft:egg":2,"minecraft:stick":1,"minecraft:torch":28,"minecraft:rotten_flesh":4,"minecraft:stone_axe":1,"minecraft:pumpkin_pie":1,"minecraft:hay_block":2,"minecraft:iron_helmet":3,"minecraft:oak_sapling":22,"minecraft:mutton":6,"minecraft:coal":74,"minecraft:white_wool":3,"minecraft:cobblestone":9}},"DataVersion":3465}