{"stats":{"minecraft:used":{"minecraft:wheat_seeds":108,"minecraft:pink_petals":3,"minecraft:dirt":1},"minecraft:picked_up":{"minecraft:pink_petals":3,"minecraft:wheat":110,"minecraft:torch":1,"minecraft:wheat_seeds":298,"minecraft:dirt":2,"minecraft:egg":2},"minecraft:mined":{"minecraft:pink_petals":2,"minecraft:grass":1,"minecraft:grass_block":1,"minecraft:dirt":1,"minecraft:wheat":111,"minecraft:powder_snow":10},"minecraft:custom":{"minecraft:time_since_rest":19575,"minecraft:open_chest":6,"minecraft:play_time":19575,"minecraft:sprint_one_cm":6316,"minecraft:damage_taken":60,"minecraft:walk_one_cm":32765,"minecraft:sneak_time":142,"minecraft:jump":119,"minecraft:leave_game":6,"minecraft:time_since_death":19575,"minecraft:total_world_time":20735,"minecraft:crouch_one_cm":164,"minecraft:fall_one_cm":4937,"minecraft:fly_one_cm":202209,"minecraft:open_barrel":1}},"DataVersion":3465}