{"stats":{"minecraft:used":{"minecraft:wheat_seeds":108,"minecraft:water_bucket":5,"minecraft:cornflower":3,"minecraft:apple":10,"minecraft:iron_shovel":254,"minecraft:bread":8,"minecraft:stone_pickaxe":131,"minecraft:wooden_pickaxe":9,"minecraft:stone_hoe":96,"minecraft:torch":7,"minecraft:stone_axe":21,"minecraft:pink_petals":30,"minecraft:dirt":223,"minecraft:cobblestone":78,"minecraft:crafting_table":1,"minecraft:white_banner":1,"minecraft:bucket":5,"minecraft:sea_pickle":1,"minecraft:dandelion":6,"minecraft:azure_bluet":1},"minecraft:mined":{"minecraft:pink_petals":2,"minecraft:hay_block":2,"minecraft:oak_trapdoor":8,"minecraft:wheat":111,"minecraft:dandelion":6,"minecraft:powder_snow":10,"minecraft:pumpkin":1,"minecraft:azure_bluet":1,"minecraft:cornflower":3,"minecraft:grass":26,"minecraft:grass_block":251,"minecraft:coal_ore":2,"minecraft:chest":4,"minecraft:dirt":7,"minecraft:cobblestone":6,"minecraft:tall_grass":8,"minecraft:stone":132},"minecraft:custom":{"minecraft:time_since_rest":20668,"minecraft:sprint_one_cm":110868,"minecraft:damage_taken":570,"minecraft:walk_one_cm":179053,"minecraft:mob_kills":3,"minecraft:damage_dealt":607,"minecraft:interact_with_crafting_table":6,"minecraft:fly_one_cm":442290,"minecraft:open_barrel":2,"minecraft:open_chest":21,"minecraft:crouch_one_cm":3797,"minecraft:play_time":69150,"minecraft:sneak_time":917,"minecraft:walk_under_water_one_cm":171,"minecraft:jump":1105,"minecraft:leave_game":7,"minecraft:time_since_death":69150,"minecraft:walk_on_water_one_cm":7562,"minecraft:sleep_in_bed":2,"minecraft:climb_one_cm":1080,"minecraft:total_world_time":70310,"minecraft:fall_one_cm":34842},"minecraft:crafted":{"minecraft:crafting_table":1,"minecraft:stick":8,"minecraft:stone_pickaxe":1,"minecraft:iron_shovel":1,"minecraft:acacia_planks":16,"minecraft:bucket":1,"minecraft:torch":8,"minecraft:stone_hoe":1},"minecraft:broken":{"minecraft:stone_pickaxe":1},"minecraft:picked_up":{"minecraft:pink_petals":30,"minecraft:wheat":110,"minecraft:azure_bluet":1,"minecraft:pumpkin":1,"minecraft:torch":1,"minecraft:dandelion":6,"minecraft:oak_trapdoor":8,"minecraft:cornflower":3,"minecraft:dirt":269,"minecraft:white_banner":1,"minecraft:rotten_flesh":2,"minecraft:sea_pickle":1,"minecraft:wheat_seeds":304,"minecraft:hay_block":2,"minecraft:poppy":2,"minecraft:chest":4,"minecraft:glow_berries":3,"minecraft:coal":2,"minecraft:cobblestone":138,"minecraft:egg":4},"minecraft:killed":{"minecraft:zombie":3}},"DataVersion":3465}