{
  "minecraft:recipes/decorations/crafting_table": {
    "criteria": {
      "unlock_right_away": "2024-06-17 02:36:36 +0000"
    },
    "done": true
  },
  "minecraft:adventure/adventuring_time": {
    "criteria": {
      "minecraft:old_growth_pine_taiga": "2024-06-17 02:37:23 +0000",
      "minecraft:taiga": "2024-06-17 02:37:14 +0000",
      "minecraft:river": "2024-06-17 02:37:27 +0000",
      "minecraft:old_growth_spruce_taiga": "2024-06-17 02:38:18 +0000",
      "minecraft:old_growth_birch_forest": "2024-06-17 02:36:37 +0000"
    },
    "done": false
  },
  "DataVersion": 3465
}